<?xml version="1.0" encoding="UTF-8"?>
<beans xmlns="http://www.springframework.org/schema/beans"
	xmlns:xsi="http://www.w3.org/2001/XMLSchema-instance"
	xmlns:context="http://www.springframework.org/schema/context"
	xmlns:mvc="http://www.springframework.org/schema/mvc"
	xsi:schemaLocation="http://www.springframework.org/schema/mvc http://www.springframework.org/schema/mvc/spring-mvc-4.3.xsd
		http://www.springframework.org/schema/beans https://www.springframework.org/schema/beans/spring-beans.xsd
		http://www.springframework.org/schema/context http://www.springframework.org/schema/context/spring-context-4.3.xsd">
	
	<!-- Servlet Context: defines shared resources visible to all other web components -->
	<!-- JSP용  InternalResourceViewResolver 등록 -->
	<bean class="org.springframework.web.servlet.view.InternalResourceViewResolver">
       <property name="prefix" value="/WEB-INF/views/" />
       <property name="suffix" value=".jsp" />
    </bean>
    
    <context:component-scan base-package="com.*" />
    
    <!-- mvc 필수 코드 --> 
	<mvc:annotation-driven/>
	<mvc:default-servlet-handler/>
	
	<!-- mvc static resources -->
	<mvc:resources location="/WEB-INF/images/" mapping="/images/**" />
	<mvc:resources location="/WEB-INF/js/" mapping="/js/**" />
	<mvc:resources location="/WEB-INF/css/" mapping="/css/**" />
	
	<!-- interceptor 경로 지정 -->

	<mvc:interceptors>
		<mvc:interceptor>
			<mvc:mapping path="/loginCheck/*" />
			<ref bean="loginCheckInterceptor" />
		</mvc:interceptor>
	</mvc:interceptors>

</beans>
