<?xml version="1.0" encoding="UTF-8"?>
<beans xmlns="http://www.springframework.org/schema/beans"
	xmlns:xsi="http://www.w3.org/2001/XMLSchema-instance"
	xmlns:context="http://www.springframework.org/schema/context"
	xmlns:tx="http://www.springframework.org/schema/tx"
	xsi:schemaLocation="http://www.springframework.org/schema/beans http://www.springframework.org/schema/beans/spring-beans.xsd
		http://www.springframework.org/schema/context http://www.springframework.org/schema/context/spring-context-4.3.xsd
		http://www.springframework.org/schema/tx http://www.springframework.org/schema/tx/spring-tx-4.3.xsd">

<!-- mybatis 연동 시작 -->

  <!-- 1. jdbc.properties 등록 -->
	<context:property-placeholder location="classpath:com/config/jdbc.properties" />
  
  <!-- 2. DBCP역할의 BasicDataSource 등록 -->
    <bean id="xxx" class="org.apache.commons.dbcp2.BasicDataSource">
       <property name="driverClassName" value="${jdbc.driver}" />
       <property name="url" value="${jdbc.url}" />
       <property name="username" value="${jdbc.username}" />
       <property name="password" value="${jdbc.password}" /> <!-- ${}안의 값은 jdbc.properties의 키값 -->
    </bean>
    
    	<!-- 트랜잭션 transaction 처리 -->
    	 <bean id="txManager" class="org.springframework.jdbc.datasource.DataSourceTransactionManager">
        <!-- (this dependency is defined somewhere else) -->
        <property name="dataSource" ref="dataSource"/>
   		 </bean>
   		   <tx:annotation-driven transaction-manager="txManager"/>
   		 <!-- 트랜잭션 처리 끝  -->
    	
  <!-- 3. SqlSessionFactoryBean 등록 ( 이전 mybatis에서 사용했던 SqlSessionFactory 역할의 빈 ) -->
  		<!-- SqlSessionFactoryBean에다가 위의 2번 정보를 주는 것 -->
	<bean id="sessionFactory" class="org.mybatis.spring.SqlSessionFactoryBean">
		<property name="dataSource" ref="xxx" />
		<property name="mapperLocations"> 	<!-- 여러개를 설정가능해서 list로 -->
			<list>
				<value>classpath:com/config/DeptMapper.xml</value>
		   <!-- <value>classpath:com/config/~~.xml</value> 매퍼 하나 더 등록할 시엔 이렇게  -->
			</list>
		</property>
		<property name="typeAliases">  <!-- 여러개를 설정 가능해서 list로 -->
			<list>
				<value>com.dto.DeptDTO</value>
			</list>
		</property>
	</bean>
	
  <!-- 4. SqlSessionTemplate 등록 ( 이전 mybatis에서 사용했던 SqlSession 역할의 빈 ) -->
	<bean id="session" class="org.mybatis.spring.SqlSessionTemplate">
		<constructor-arg name="sqlSessionFactory" ref="sessionFactory" /> <!-- setter메서드가 제공 안되므로 constructor-arg(생성자)로 접근해야함 -->
		<!-- name값 "sqlSessionFactory"은 생성자의 변수명  -->
	</bean>
<!-- mybatis 연동 끝 -->

  <!-- 5. DAO에서 SqlSessionTemplate 주입받아서 사용하기 -->
	<!-- 생성할 빈들의 정보를 패키지 단위로 지정해서 알려줌  -->
	<context:component-scan base-package="com.*" />  <!-- DAO, Service 빈으로 등록 -->
	
	<!-- 마킹한 빈들만 생성됨 
		(ex. @Component @Repository @Service @Controller @Restcontroller 등 -->
</beans>
