<?xml version="1.0" encoding="UTF-8"?>
<beans xmlns="http://www.springframework.org/schema/beans"
	xmlns:xsi="http://www.w3.org/2001/XMLSchema-instance"
	xsi:schemaLocation="http://www.springframework.org/schema/beans http://www.springframework.org/schema/beans/spring-beans.xsd">

<!-- get, set 메서드로 데이터 등록 -->
	<bean id="c1" class="com.dto.Cat">
		<property name="username" value="야옹이" />
		<property name="age" value="2" />
	</bean>
	<bean id="c2" class="com.dto.Cat">
		<property name="username" value="망치" />
		<property name="age" value="1" />
	</bean>

<!-- 서비스 데이터 받기  -->
	<bean id="service" class="com.service.UserService3">
		<property name="catMap">
			<map>
			  <entry key="pet01" value-ref="c1" /> <!-- 또는 -->
	 		  <entry key="pet02">
			  	<ref bean="c2" />
			  </entry>
		    </map>
		  </property>
	</bean>
</beans>
