<?xml version="1.0" encoding="UTF-8"?>
<beans xmlns="http://www.springframework.org/schema/beans"
	xmlns:xsi="http://www.w3.org/2001/XMLSchema-instance"
	xsi:schemaLocation="http://www.springframework.org/schema/beans http://www.springframework.org/schema/beans/spring-beans.xsd">


<!-- properties 주입 -->
	<bean id="service" class="com.service.UserService4">
		<property name="phones">
			<props>
				<prop key="phone1">01023423423</prop>
				<prop key="phone2">01083748234</prop>
			</props>
		</property>
	</bean>
</beans>
