<?xml version="1.0" encoding="UTF-8"?>
<beans xmlns="http://www.springframework.org/schema/beans"
	xmlns:xsi="http://www.w3.org/2001/XMLSchema-instance"
	xsi:schemaLocation="http://www.springframework.org/schema/beans http://www.springframework.org/schema/beans/spring-beans.xsd">

	<bean id="dao" class="com.dao.UserDAO"/>

	<bean id="service" class="com.dao.UserService3">
		<constructor-arg name="dao2" ref="dao" />
		<constructor-arg name="num2" value="10" /> <!-- ref와 value를 혼합해서 쓸 수 있음 -->
	</bean>
	
	<bean id="service2" class="com.dao.UserService3">
		<constructor-arg ref="dao" />
	</bean>
	 <!--  
		UserService3 service = new UserService3(dao);
		와 동일
	  -->
</beans>
