<?xml version="1.0" encoding="UTF-8"?>
<beans xmlns="http://www.springframework.org/schema/beans"
	xmlns:xsi="http://www.w3.org/2001/XMLSchema-instance"
	xmlns:util="http://www.springframework.org/schema/util"
	xsi:schemaLocation="http://www.springframework.org/schema/beans http://www.springframework.org/schema/beans/spring-beans.xsd
		http://www.springframework.org/schema/util http://www.springframework.org/schema/util/spring-util-4.3.xsd">

<!-- util namespace -->
<util:properties id="xxx">
	<prop key="phone1">01023423423</prop>
	<prop key="phone2">01083748234</prop>
</util:properties>

<bean id="service" class="com.service.UserService4">
	<property name="phones" ref="xxx" />
</bean>

<!-- properties 주입 -->
	<bean id="service2" class="com.service.UserService4">
		<property name="phones">
			<props>
				<prop key="phone1">01023423423</prop>
				<prop key="phone2">01083748234</prop>
			</props>
		</property>
	</bean>
</beans>
