<?xml version="1.0" encoding="UTF-8"?>
<beans xmlns="http://www.springframework.org/schema/beans"
	xmlns:xsi="http://www.w3.org/2001/XMLSchema-instance"
	xmlns:context="http://www.springframework.org/schema/context"
	xmlns:util="http://www.springframework.org/schema/util"
	xmlns:p="http://www.springframework.org/schema/p"
	xsi:schemaLocation="http://www.springframework.org/schema/beans http://www.springframework.org/schema/beans/spring-beans.xsd
		http://www.springframework.org/schema/context http://www.springframework.org/schema/context/spring-context-4.3.xsd
		http://www.springframework.org/schema/util http://www.springframework.org/schema/util/spring-util-4.3.xsd">
	
	<!-- Cat 빈 만들기 - 이번에는 util namespace 이용해서 -->
	<util:list id="xxx">
		<bean id="c1" class="com.dto.Cat" p:username="야옹이1" p:age="2" p:married="true" p:height="45.4" />
		<bean id="c2" class="com.dto.Cat" p:username="야옹이2" p:age="12" p:married="false" p:height="15.6" />
		<bean id="c3" class="com.dto.Cat" p:username="야옹이3" p:age="7" p:married="false" p:height="25.6" />
		<bean id="c4" class="com.dto.Cat" p:username="야옹이4" p:age="3" p:married="false" p:height="145.4" />
	</util:list>

	<!-- Person 빈 만들기 -->
	<bean id="p4" class="com.dto.Person">
		<property name="catList" value="#{xxx.?[age lt 10 and married==false]}" /> 
	</bean>
	
	<bean id="p3" class="com.dto.Person">
		<property name="catList" value="#{xxx.?[age lt 10]}" /> <!-- value="#{xxx.?[조건식]}" -->
	</bean> <!-- sqel에서는 < 대신 lt(less than)으로 해야함 -->
	
	<bean id="p2" class="com.dto.Person">
		<property name="catList" value="#{xxx[0]}" /> <!-- idx 0번째의 값이 출력됨 -->
	</bean>
	
	<bean id="p1" class="com.dto.Person">
		<property name="catList" value="#{xxx}" />
	</bean>
</beans>
