<?xml version="1.0" encoding="UTF-8"?>
<beans xmlns="http://www.springframework.org/schema/beans"
	xmlns:xsi="http://www.w3.org/2001/XMLSchema-instance"
	xmlns:context="http://www.springframework.org/schema/context"
	xsi:schemaLocation="http://www.springframework.org/schema/beans http://www.springframework.org/schema/beans/spring-beans.xsd
		http://www.springframework.org/schema/context http://www.springframework.org/schema/context/spring-context-4.3.xsd">
	<context:annotation-config /> <!-- person의 cat을 autowired로 주입해줄거라서 -->
	
<!-- cat 빈 생성 -->
	<bean id="cat1" class="com.dto.Cat">
		<property name="username" value="야옹이" />
		<property name="age" value="2" />
	</bean>
	<bean id="cat2" class="com.dto.Cat">
		<property name="username" value="망치" />
		<property name="age" value="1" />
	</bean>
	
	<bean id="p" class="com.dto.Person">
		<property name="username" value="홍길동"></property>
	</bean>

</beans>
