<?xml version="1.0" encoding="UTF-8" ?>
<!DOCTYPE mapper
  PUBLIC "-//mybatis.org//DTD Mapper 3.0//EN"
  "https://mybatis.org/dtd/mybatis-3-mapper.dtd">
  
<mapper namespace="MemberMapper">
	<!-- 로그인 -->
	<select id="login" parameterType="hashmap" resultType="MemberDTO">
    	select userID, passwd, name, email, post, addr1, addr2, phone
    	from member
    	where userID=#{userID} and passwd=#{passwd}
    </select>
    
    <!-- 회원가입  -->
    <insert id="register" parameterType="MemberDTO">
    insert into member(userID, passwd, name, email, post, addr1, addr2, phone )
    values (#{userID},#{passwd},#{name},#{email},#{post},#{addr1},#{addr2},#{phone})
    </insert>
    
    <!-- id 중복체크 -->
    <select id="idCheck" parameterType="string" resultType="MemberDTO">
    	select *
    	from member
    	where userID = #{userID}
    </select>
    
    <!-- 이메일 인증을 위한 랜덤번호 저장 -->
    <update id="updateMailKey" parameterType="MemberDto">
	    update member set mail_key=#{mail_key} where email=#{email} and userID=#{userID}
	</update>
	
	<!-- 메일 인증 후 mail_auto 0 -> 1 변경 -->
	<update id="updateMailAuth" parameterType="MemberDto">
	    update member set mail_auth=1 where email=#{email} and mail_key=#{mail_key}
	</update>
	
	<!-- 로그인 시 인증 유무 체크 -->
	<select id="emailAuthFail" parameterType="String" resultType="int">
	    select count(*) from member where userID=#{userID} and mail_auth=1
	</select>
	
</mapper>