<?xml version="1.0" encoding="UTF-8" ?>

<!DOCTYPE mapper
  PUBLIC "-//mybatis.org//DTD Mapper 3.0//EN"
  "https://mybatis.org/dtd/mybatis-3-mapper.dtd">

<mapper namespace="DeptMapper">

  <select id="findAll" resultType="DeptDTO"> <!--resultType에 별칭으로 지정함 -->
    select deptno, dname, loc
    from dept
    order by deptno
  </select>
	
  <insert id="deptAdd" parameterType="DeptDTO">
    insert into dept (deptno, dname, loc)
    values ( #{deptno}, #{dname}, #{loc})
  </insert>
  
  <update id="deptUpdate" parameterType="DeptDTO">
    update dept 
    set dname=#{dname}, loc=#{loc}
    where deptno =#{deptno}
  </update>
  
  <delete id="deptDelete" parameterType="int">
    delete from dept
    where deptno=#{deptno}
  </delete>

</mapper>
