<?xml version="1.0" encoding="UTF-8"?>
<beans xmlns="http://www.springframework.org/schema/beans"
	xmlns:xsi="http://www.w3.org/2001/XMLSchema-instance"
	xmlns:context="http://www.springframework.org/schema/context"
	xmlns:tx="http://www.springframework.org/schema/tx"
	xsi:schemaLocation="http://www.springframework.org/schema/beans https://www.springframework.org/schema/beans/spring-beans.xsd
		http://www.springframework.org/schema/context http://www.springframework.org/schema/context/spring-context-4.3.xsd
		http://www.springframework.org/schema/tx http://www.springframework.org/schema/tx/spring-tx-4.3.xsd">
	
	<!-- Root Context: defines shared resources visible to all other web components -->
	<context:property-placeholder location="classpath:com/config/jdbc.properties"/>

<!--  jdbc.properties 등록된 4개의 정보를 이용해서 DB 연동하는 DataSource 설정 -->
	 <bean id="xxx" class="org.apache.commons.dbcp2.BasicDataSource">
      <property name="driverClassName" value="${jdbc.driver}" />
      <property name="url" value="${jdbc.url}" />
      <property name="username" value="${jdbc.username}" />
      <property name="password" value="${jdbc.password}" />
    </bean>
    
 <!-- 트랜잭션 처리  --> <!-- 네임스페이스에서 tx 활성화 필수 -->
	<bean id="txManager" class="org.springframework.jdbc.datasource.DataSourceTransactionManager">
        <!-- (this dependency is defined somewhere else) -->
        <property name="dataSource" ref="xxx"/>
    </bean>
    <tx:annotation-driven transaction-manager="txManager"/>
 <!-- 트랜잭션 처리 끝 -->   
 
     <bean id="sessionFactory" class="org.mybatis.spring.SqlSessionFactoryBean">
       <property name="dataSource" ref="xxx" />
       <property name="mapperLocations">
         <list>
          <value>classpath:com/config/DeptMapper.xml</value>
         </list>
       </property>
       <property name="typeAliases">
         <list>
           <value>com.dto.DeptDTO</value>
         </list>
       </property>
    </bean>
    
    <bean id="session" class="org.mybatis.spring.SqlSessionTemplate">
       <constructor-arg name="sqlSessionFactory" ref="sessionFactory" />
     </bean>
    <!-- 등록해야 할 bean 5가지 끝 -->
</beans>
