<?xml version="1.0" encoding="UTF-8"?>
<beans xmlns="http://www.springframework.org/schema/beans"
	xmlns:xsi="http://www.w3.org/2001/XMLSchema-instance"
	xmlns:context="http://www.springframework.org/schema/context"
	xsi:schemaLocation="http://www.springframework.org/schema/beans http://www.springframework.org/schema/beans/spring-beans.xsd
		http://www.springframework.org/schema/context http://www.springframework.org/schema/context/spring-context-4.3.xsd">
	
	<bean id="cat1" class="com.dto.Cat">
		<property name="username" value="야옹이" />
		<property name="age" value="2" />
	</bean>
	
	<!-- SpEL 문법으로 다른 빈을 참조 -->
	<bean id="p1" class="com.dto.Person">
		<property name="username" value="홍길동" />
		<property name="cat" value="#{cat1}" /> <!-- ref 대신 value값을 써서 참조 가능 -->
	</bean>
	<bean id="p2" class="com.dto.Person">
		<property name="username" value="홍길동" />
		<property name="cat" ref="cat1" />
	</bean>

</beans>
