<?xml version="1.0" encoding="UTF-8"?>
<beans xmlns="http://www.springframework.org/schema/beans"
	xmlns:xsi="http://www.w3.org/2001/XMLSchema-instance"
	xmlns:context="http://www.springframework.org/schema/context"
	xsi:schemaLocation="http://www.springframework.org/schema/beans http://www.springframework.org/schema/beans/spring-beans.xsd
		http://www.springframework.org/schema/context http://www.springframework.org/schema/context/spring-context-4.3.xsd">
	<context:annotation-config /> <!-- person의 cat을 autowired로 주입해줄거라서 -->
	<!-- 메서드 호출  -->
	<bean id="p1" class="com.dto.Person">
		<property name="username" value="#{p1.xxx()}" />
		<property name="age" value="2" />
		<property name="married" value="true" />
		<property name="height" value="178.2" />
	</bean>
	
	<bean id="p2" class="com.dto.Person">
		<property name="username" value="#{p1.xxx()?.toUpperCase()?.substring(0,3)}" />
		<property name="age" value="2" />
		<property name="married" value="true" />
		<property name="height" value="178.2" />
	</bean>
	
	<bean id="p3" class="com.dto.Person">
		<property name="username" value="#{p1.xxx()?.toUpperCase()}" /> <!-- null이 아니면 호출, null이면 멈추라는 뜻 -->
		<property name="age" value="2" />
		<property name="married" value="true" />
		<property name="height" value="178.2" />
	</bean>

</beans>
