<?xml version="1.0" encoding="UTF-8"?>
<beans xmlns="http://www.springframework.org/schema/beans"
	xmlns:xsi="http://www.w3.org/2001/XMLSchema-instance"
	xmlns:context="http://www.springframework.org/schema/context"
	xsi:schemaLocation="http://www.springframework.org/schema/beans http://www.springframework.org/schema/beans/spring-beans.xsd
		http://www.springframework.org/schema/context http://www.springframework.org/schema/context/spring-context-4.3.xsd">

	<!-- jdbc.properties 등록 1 -->
<!-- <bean id="xxx" class="org.springframework.beans.factory.config.PropertyPlaceholderConfigurer">
		<property name="location" value="classpath:com/config/jdbc.properties"/>
	</bean> -->
	
	<!-- jdbc.properties 등록 2 -->
	<context:property-placeholder location="classpath:com/config/jdbc.properties"/>
	
	<!-- 또는 context namespace 사용 -->
	<!-- 등록 후 임의의 빈에서 ${key} 방법으로 값을 얻을 수 있다. -->

	<bean id="service" class="com.service.UserService">
		<property name="driver" value="${jdbc.driver}" />
		<property name="url" value="${jdbc.url}" />
		<property name="userid" value="${jdbc.username}" />
		<property name="passwd" value="${jdbc.password}" />
	</bean>
</beans>
