<?xml version="1.0" encoding="UTF-8"?>
<beans xmlns="http://www.springframework.org/schema/beans"
	xmlns:xsi="http://www.w3.org/2001/XMLSchema-instance"
	xmlns:c="http://www.springframework.org/schema/c"
	xmlns:p="http://www.springframework.org/schema/p"
	xsi:schemaLocation="http://www.springframework.org/schema/beans http://www.springframework.org/schema/beans/spring-beans.xsd">
	
	<!-- 기본 생성자로 주입 -->
	<bean id="dao" class="com.dao.UserDAO"></bean>
	
	<!-- c, p태그 혼합 주입  -->
	<bean id="service" class="com.service.UserService"
		c:xxx-ref="dao" p:num="20" p:username="이순신"
	/>
		
	
	<!-- 혼합 주입  -->
	<bean id="service2" class="com.service.UserService">
		<constructor-arg name="xxx" ref="dao" />
		<property name="num" value="10"></property>
		<property name="username" value="홍길동"></property>
	</bean>
	
</beans>
