<?xml version="1.0" encoding="UTF-8"?>
<beans xmlns="http://www.springframework.org/schema/beans"
	xmlns:xsi="http://www.w3.org/2001/XMLSchema-instance"
	xmlns:context="http://www.springframework.org/schema/context"
	xmlns:tx="http://www.springframework.org/schema/tx"
	xsi:schemaLocation="http://www.springframework.org/schema/beans https://www.springframework.org/schema/beans/spring-beans.xsd
		http://www.springframework.org/schema/context http://www.springframework.org/schema/context/spring-context-4.3.xsd
		http://www.springframework.org/schema/tx http://www.springframework.org/schema/tx/spring-tx-4.3.xsd">
	
	<!-- Root Context: defines shared resources visible to all other web components -->
	<context:property-placeholder location="classpath:com/config/jdbc.properties"/>
	
	<bean id="basicDataSource" class="org.apache.commons.dbcp2.BasicDataSource">
		<property name="driverClassName" value="${jdbc.driver}"/>
		<property name="url" value="${jdbc.url}"/>
		<property name="username" value="${jdbc.username}"/>
		<property name="password" value="${jdbc.password}"/>
	</bean>
	
	<bean id="txManager" class="org.springframework.jdbc.datasource.DataSourceTransactionManager">
	    <!-- (this dependency is defined somewhere else) -->
	    <property name="dataSource" ref="basicDataSource"/> <!-- ref는  BasicDataSource의 id값 -->
	</bean>
	<tx:annotation-driven transaction-manager="txManager"/>
	
	<!-- SqlSessionFactory 역할의 빈 등록 : SqlSessionFactoryBean -->
	<bean id="sessionFactory" class="org.mybatis.spring.SqlSessionFactoryBean"> 
		<property name="dataSource" ref="basicDataSource"/>
		<property name="mapperLocations"> <!-- Mapper 등록 -->
			<list>
				<value>classpath:com/config/MemberMapper.xml</value> <!-- 수정필요 -->
			</list>
		</property>
		<property name="typeAliases"> <!-- type설정(Alias는 DTO에서 설정) -->
			<list>
				<value>com.dto.BoardDTO</value>
				<value>com.dto.CommentDTO</value>
				<value>com.dto.MemberDTO</value>
				<value>com.dto.PlanDTO</value>
				<value>com.dto.SharedBoardDTO</value>
				<value>com.dto.TCommentDTO</value>
				<value>com.dto.TravelDTO</value>
				<value>com.dto.UserLikeDTO</value>
			</list>
		</property>
	</bean>
	
	<bean id="session" class="org.mybatis.spring.SqlSessionTemplate">
		<constructor-arg name="sqlSessionFactory" ref="sessionFactory"/>
	</bean>
	
	
	
	
	
	
</beans>
