<?xml version="1.0" encoding="UTF-8"?>
<beans xmlns="http://www.springframework.org/schema/beans"
	xmlns:xsi="http://www.w3.org/2001/XMLSchema-instance"
	xmlns:p="http://www.springframework.org/schema/p"
	xsi:schemaLocation="http://www.springframework.org/schema/beans http://www.springframework.org/schema/beans/spring-beans.xsd">
	
	<!-- 기본 생성자 호출 -->
	<bean id="service" class="com.service.UserService2"
		p:num="20" p:username="이순신" />
		
	
	
	<!-- value 값을 태그로 따로 빼서 할 수도 있음 -->
	<bean id="service2" class="com.service.UserService2">
		<property name="num">
			<value>10</value>
		</property>
		<property name="username" >
			<value>홍길동</value>
		</property>
	</bean>
</beans>
