<?xml version="1.0" encoding="UTF-8"?>
<beans xmlns="http://www.springframework.org/schema/beans"
	xmlns:xsi="http://www.w3.org/2001/XMLSchema-instance"
	xmlns:p="http://www.springframework.org/schema/p"
	xsi:schemaLocation="http://www.springframework.org/schema/beans http://www.springframework.org/schema/beans/spring-beans.xsd">
	
	<!-- 
		UserDAO dao = new UserDAO();
		 -->
	<bean id="xxx" class="com.dao.UserDAO" />
	
	<bean id="service" class="com.service.UserService3"
		p:dao-ref="xxx" />
	
	<bean id="service2" class="com.service.UserService3">
		<property name="dao" ref="xxx"></property>
	</bean>
	
	<!-- ref를 태그로 따로 빼서도 작성 가능  -->
	<bean id="service3" class="com.service.UserService3">
		<property name="dao">
			<ref bean="xxx"/>
		</property>
	</bean>
</beans>
