<?xml version="1.0" encoding="UTF-8"?>
<beans xmlns="http://www.springframework.org/schema/beans"
	xmlns:xsi="http://www.w3.org/2001/XMLSchema-instance"
	xmlns:context="http://www.springframework.org/schema/context"
	xmlns:mvc="http://www.springframework.org/schema/mvc"
	xsi:schemaLocation="http://www.springframework.org/schema/mvc http://www.springframework.org/schema/mvc/spring-mvc-4.3.xsd
		http://www.springframework.org/schema/beans https://www.springframework.org/schema/beans/spring-beans.xsd
		http://www.springframework.org/schema/context http://www.springframework.org/schema/context/spring-context-4.3.xsd">
	
	<mvc:annotation-driven/> 
	<mvc:default-servlet-handler/> <!-- mvc 네임스페이스 이용하기 위한 필수 설정 -->
	
	<!-- static resource 설정 -->
	<mvc:resources location="/WEB-INF/image/" mapping="/xxx/**" />
	<mvc:resources location="/WEB-INF/js/" mapping="/js/**" />
	<mvc:resources location="/WEB-INF/css/" mapping="/css/**" />
	
	<!-- JSP 용 InternalResourceViewResolver 등록  -->
	<bean class="org.springframework.web.servlet.view.InternalResourceViewResolver">
		<property name="prefix" value="/WEB-INF/views/" /> <!-- value 값에 파일명 붙이고 확장자명 붙이기 -->
		<property name="suffix" value=".jsp" />
	</bean>
	
	<context:component-scan base-package="com.*"></context:component-scan>	
</beans>